RON,Alice,Bob,Charlie,Dave,Eve
Charlie,Bob,Alice,Dave,RON
Bob,Charlie,Alice,Dave,RON,Eve
Eve
Bob,Alice,Charlie,Dave
Charlie,Bob,Eve,Dave,Alice,RON
Dave,Bob,Charlie,Alice,RON,Eve
Charlie,Dave,Bob,Alice,Eve
Eve,Charlie,RON,Dave,Alice,Bob
Bob,Alice,Charlie,Dave,Eve
Bob,Alice,Charlie,Dave,RON
Eve,Charlie,Bob,Dave,Alice,RON
Bob,Charlie,Alice,Dave
Bob,Charlie,Alice,Dave,Eve
Dave,Alice,Eve,Charlie,Bob,RON
Charlie,Bob,Dave,Alice,Eve,RON
Charlie,Bob,Eve,Dave,Alice
Charlie,Bob,Dave,Alice,Eve
Dave,Eve,Charlie,Bob,Alice,RON
Charlie,Bob,Alice,Dave,RON,Eve
Charlie
